,predictions
0,Y
1,Y
2,Y
3,Y
4,Y
5,Y
6,Y
7,Y
8,Y
9,Y
10,Y
11,Y
12,Y
13,Y
14,Y
15,Y
16,Y
17,Y
18,Y
19,Y
20,Y
21,Y
22,Y
23,Y
24,Y
25,Y
26,Y
27,Y
28,Y
29,Y
30,Y
31,Y
32,Y
33,Y
34,Y
35,Y
36,Y
37,Y
38,Y
39,Y
40,Y
41,Y
42,Y
43,Y
44,Y
45,Y
46,Y
47,Y
48,Y
49,Y
50,Y
51,Y
52,Y
53,Y
54,Y
55,Y
56,Y
57,Y
58,Y
59,Y
60,Y
61,Y
62,Y
63,Y
64,Y
65,Y
66,Y
67,Y
68,Y
69,Y
70,Y
71,Y
72,Y
73,Y
74,Y
75,Y
76,Y
77,Y
78,Y
79,Y
80,Y
81,Y
82,Y
83,Y
84,Y
85,Y
86,Y
87,Y
88,Y
89,Y
90,Y
91,Y
92,Y
93,Y
94,Y
95,Y
96,Y
97,Y
98,Y
99,Y
100,Y
101,Y
102,Y
103,Y
104,Y
105,Y
106,Y
107,Y
108,Y
109,Y
110,Y
111,Y
112,Y
113,Y
114,Y
115,Y
116,Y
117,Y
118,Y
119,Y
120,Y
121,Y
122,Y
123,Y
124,Y
125,Y
126,Y
127,Y
128,Y
129,Y
130,Y
131,Y
132,Y
133,Y
134,Y
135,Y
136,Y
137,Y
138,Y
139,Y
140,Y
141,Y
142,Y
143,Y
144,Y
145,Y
146,Y
147,Y
148,Y
149,Y
150,Y
151,Y
152,Y
153,Y
154,Y
155,Y
156,Y
157,Y
158,Y
159,Y
160,Y
161,Y
162,Y
163,Y
164,Y
165,Y
166,Y
167,Y
168,Y
169,Y
170,Y
171,Y
172,Y
173,Y
174,Y
175,Y
176,Y
177,Y
178,Y
179,Y
180,Y
181,Y
182,Y
183,Y
184,Y
185,Y
186,Y
187,Y
188,Y
189,Y
190,Y
191,Y
192,Y
193,Y
194,Y
195,Y
196,Y
197,Y
198,Y
199,Y
200,Y
201,Y
202,Y
203,Y
204,Y
205,Y
206,Y
207,Y
208,Y
209,Y
210,Y
211,Y
212,Y
213,Y
214,Y
215,Y
216,Y
217,Y
218,Y
219,Y
220,Y
221,Y
222,Y
223,Y
224,Y
225,Y
226,Y
227,Y
228,Y
229,Y
230,Y
231,Y
232,Y
233,Y
234,Y
235,Y
236,Y
237,Y
238,Y
239,Y
240,Y
241,Y
242,Y
243,Y
244,Y
245,Y
246,Y
247,Y
248,Y
249,Y
250,Y
251,Y
252,Y
253,Y
254,Y
255,Y
256,Y
257,Y
258,Y
259,Y
260,Y
261,Y
262,Y
263,Y
264,Y
265,Y
266,Y
267,Y
268,Y
269,Y
270,Y
271,Y
272,Y
273,Y
274,Y
275,Y
276,Y
277,Y
278,Y
279,Y
280,Y
281,Y
282,Y
283,Y
284,Y
285,Y
286,Y
287,Y
288,Y
289,Y
290,Y
291,Y
292,Y
293,Y
294,Y
295,Y
296,Y
297,Y
298,Y
299,Y
300,Y
301,Y
302,Y
303,Y
304,Y
305,Y
306,Y
307,Y
308,Y
309,Y
310,Y
311,Y
312,Y
313,Y
314,Y
315,Y
316,Y
317,Y
318,Y
319,Y
320,Y
321,Y
322,Y
323,Y
324,Y
325,N
326,Y
327,Y
328,Y
329,Y
330,Y
331,Y
332,Y
333,Y
334,Y
335,Y
336,Y
337,Y
338,Y
339,Y
340,Y
341,Y
342,Y
343,Y
344,Y
345,Y
346,Y
347,Y
348,Y
349,Y
350,Y
351,Y
352,Y
353,Y
354,Y
355,Y
356,Y
357,Y
358,Y
359,Y
360,Y
361,Y
362,Y
363,Y
364,Y
365,Y
366,Y
